Day,Suceptible,Exposed,Infected_asymptomatic,Infected_presymptomatic,Infected_symptomatic,Recovered,Hospitalized,Death,R_null
0,221,0,0,1,0,0,0,0,0
1,220,1,0,1,0,0,0,0,0
2,219,2,0,1,0,0,0,0,0
3,219,2,0,0,1,0,0,0,0
4,219,1,1,0,1,0,0,0,0
5,219,0,2,0,1,0,0,0,0
6,219,0,2,0,1,0,0,0,0
7,219,0,2,0,1,0,0,0,0
8,219,0,2,0,0,1,0,0,2.0
9,219,0,2,0,0,1,0,0,2.0
10,219,0,2,0,0,1,0,0,2.0
11,219,0,1,0,0,2,0,0,1.0
12,219,0,0,0,0,3,0,0,0.6666666666666666
13,219,0,0,0,0,3,0,0,0.6666666666666666
14,219,0,0,0,0,3,0,0,0.6666666666666666
15,219,0,0,0,0,3,0,0,0.6666666666666666
16,219,0,0,0,0,3,0,0,0.6666666666666666
17,219,0,0,0,0,3,0,0,0.6666666666666666
18,219,0,0,0,0,3,0,0,0.6666666666666666
19,219,0,0,0,0,3,0,0,0.6666666666666666
